"FECHA ACCIDENTE","HORA ACCIDENTE","GRAVEDAD","CLASE ACCIDENTE","CAUSANTE ACCIDENTE","DESCRIPCIÓN COLISIONANTE","DESCRIPCIÓN OBJETO FIJO","ZONA ACCIDENTE","DESCRIPCIÓN DE ESTADO","ÁREA ACCIDENTE","SECTOR ACCIDENTE","DESCRIPCIÓN LOCALIZACIÓN","ESTADO CLIMA","MUNICIPIO","DIRECCIÓN LUGAR","NUMERO VICTIMA PEATÓN","NUMERO VICTIMA ACOMPAÑANTE","NUMERO VICTIMA PASAJERO","NUMERO VICTIMA CONDUCTOR","NUMERO VICTIMA HERIDO","NUMERO VICTIMA MUERTO"
"19/10/2018","14:10","m","CAÍDA OCUPANTE","Ciclista-Motociclista","NO REPORTADO","NO REPORTADO","NO REPORTADO","PEND. NOTIFICACIÓN","RURAL","NO REPORTADO","TRAMO DE VÍA","NORMAL","NO REPORTA","CARRETEABLE URDA AGUADITAS - TABACAL","0","0","5","0","4","1"
"12/03/2018","18:03","m","CHOQUE","Ciclista-Motociclista","OBJETO FIJO","VALLA, SEÑAL","NO REPORTADO","PEND. NOTIFICACIÓN","RURAL","NO REPORTADO","TRAMO DE VÍA","NORMAL","NO REPORTA","VEREDA CIRUELAL CÓRDOBA","0","0","0","1","0","1"
"08/08/2018","16:08","m","VOLCAMIENTO","Ciclista-Motociclista","NO REPORTADO","NO REPORTADO","NO REPORTADO","PEND. NOTIFICACIÓN","URBANA","RESIDENCIAL","TRAMO DE VÍA","NORMAL","NO REPORTA","CARRERA 52 SECTOR LA CABAÑA","0","0","0","1","0","1"
"21/07/2016","15:07","m","VOLCAMIENTO","Ciclista-Motociclista","NO REPORTADO","NO REPORTADO","NO REPORTADO","PEND. DECLARACIÓN","RURAL","NO REPORTADO","TRAMO DE VÍA","NORMAL","NO REPORTA","KILOMETRO 6 MAS 415","0","1","0","0","0","1"
"25/07/2016","18:07","m","CHOQUE","Ciclista-Motociclista","VEHÍCULO","NO REPORTADO","NO REPORTADO","PEND. NOTIFICACIÓN","RURAL","NO REPORTADO","TRAMO DE VÍA","NORMAL","NO REPORTA","VEREDA EL LIBANO, FINCA DE MANOLO","0","0","0","2","1","1"
"16/07/2016","19:07","m","CHOQUE","Ciclista-Motociclista","SEMOVIENTE","NO REPORTADO","NO REPORTADO","PEND. NOTIFICACIÓN","URBANA","RESIDENCIAL","TRAMO DE VÍA","LLUVIA","GUARNE","CARRERA 4 CON CALLE 7 FRENTE AL  Nº 3-51","1","0","0","0","0","1"
"16/05/2021","00:05","m","CHOQUE","Ciclista-Motociclista","VEHÍCULO","NO REPORTADO","NO REPORTADO","PEND. NOTIFICACIÓN","RURAL","NO REPORTADO","TRAMO DE VÍA","NORMAL","NO REPORTA","VÍA SAN LUIS EL CRUCE","0","0","1","0","0","1"
"03/11/2018","07:11","m","CHOQUE","Ciclista-Motociclista","VEHÍCULO","NO REPORTADO","ESCOLAR","PEND. NOTIFICACIÓN","RURAL","NO REPORTADO","TRAMO DE VÍA","NORMAL","NO REPORTA","KILOMETRO 1 + 709 METROS","0","0","0","1","0","1"
"25/03/2018","18:03","m","ATROPELLO","Ciclista-Motociclista","NO REPORTADO","NO REPORTADO","NO REPORTADO","PEND. NOTIFICACIÓN","URBANA","RESIDENCIAL","TRAMO DE VÍA","NORMAL","NO REPORTA","AUTOPISTA MEDELLÍN BOGOTÁ KM21 + 860","1","0","0","0","0","1"
"05/07/2018","19:07","m","ATROPELLO","Ciclista-Motociclista","NO REPORTADO","NO REPORTADO","NO REPORTADO","PEND. NOTIFICACIÓN","URBANA","RESIDENCIAL","TRAMO DE VÍA","NORMAL","NO REPORTA","AUTOPISTA MEDELLÍN BOGOTÁ KM 22 +980","1","0","0","0","0","1"
"25/02/2020","17:02","m","CHOQUE","Ciclista-Motociclista","VEHÍCULO","NO REPORTADO","NO REPORTADO","PEND. NOTIFICACIÓN","URBANA","RESIDENCIAL","TRAMO DE VÍA","NORMAL","NO REPORTA","BARRIO SANTA CRA 14 FRENTE AL NUMERO 14-34","0","0","0","1","0","1"
"14/01/2018","13:01","m","CHOQUE","Ciclista-Motociclista","VEHÍCULO","NO REPORTADO","NO REPORTADO","PEND. NOTIFICACIÓN","RURAL","NO REPORTADO","TRAMO DE VÍA","NORMAL","NO REPORTA","SECTOR EL ESTADERO PUENTE LA VIEJA","0","0","0","1","0","1"
"26/07/2021","11:07","m","CAÍDA OCUPANTE","Ciclista-Motociclista","NO REPORTADO","NO REPORTADO","NO REPORTADO","PEND. NOTIFICACIÓN","RURAL","NO REPORTADO","TRAMO DE VÍA","NORMAL","NO REPORTA","VÍA EL CRUCE - SAN LUIS","0","0","0","1","0","1"
"31/10/2015","10:10","m","CHOQUE","Ciclista-Motociclista","VEHÍCULO","NO REPORTADO","NO REPORTADO","FALLADO","RURAL","NO REPORTADO","TRAMO DE VÍA","NORMAL","NO REPORTA","LLANO DE SAN JOSÉ","0","0","0","1","0","1"
"03/12/2015","08:12","m","CHOQUE","Ciclista-Motociclista","VEHÍCULO","NO REPORTADO","NO REPORTADO","PEND. NOTIFICACIÓN","RURAL","NO REPORTADO","TRAMO DE VÍA","NORMAL","NO REPORTA","SECTOR LAS PICAS","0","0","0","1","0","1"
"26/01/2016","17:01","m","CHOQUE","Ciclista-Motociclista","OBJETO FIJO","ÁRBOL","NO REPORTADO","FALLADO","URBANA","RESIDENCIAL","TRAMO DE VÍA","LLUVIA","NO REPORTA","SECTOR EL VIAJERO VÍA AMAGA BOLOMBOLO KM 79+700 RUTA 6003","0","0","0","1","0","1"
"18/07/2016","15:07","m","ATROPELLO","Ciclista-Motociclista","NO REPORTADO","NO REPORTADO","NO REPORTADO","FALLADO","RURAL","NO REPORTADO","TRAMO DE VÍA","NORMAL","NO REPORTA","ANGELOPOLIS AMAGÁ CURVA DEL CARIBE","1","0","0","0","0","1"
"16/10/2016","16:10","m","VOLCAMIENTO","Ciclista-Motociclista","NO REPORTADO","NO REPORTADO","NO REPORTADO","PEND. NOTIFICACIÓN","RURAL","NO REPORTADO","TRAMO DE VÍA","NORMAL","GUARNE","TRANSITO SOPETRAN","0","0","1","1","1","1"
"07/10/2016","12:10","m","ATROPELLO","Ciclista-Motociclista","NO REPORTADO","NO REPORTADO","NO REPORTADO","PEND. NOTIFICACIÓN","URBANA","COMERCIAL","INTERSECCIÓN","NORMAL","GUARNE","CARRERA BOLÍVAR CON CALLE 21 PARQUE PRINCIPAL","1","0","0","0","0","1"
"13/01/2017","13:01","m","CAÍDA OCUPANTE","Ciclista-Motociclista","NO REPORTADO","NO REPORTADO","NO REPORTADO","FALLADO","RURAL","NO REPORTADO","INTERSECCIÓN","NORMAL","AMAGA","SECTOR LA MAGU CORREGIMIENTO MINAS","0","0","1","0","0","1"
"05/10/2016","12:10","m","VOLCAMIENTO","Ciclista-Motociclista","NO REPORTADO","NO REPORTADO","NO REPORTADO","PEND. NOTIFICACIÓN","RURAL","NO REPORTADO","TRAMO DE VÍA","LLUVIA","GUARNE","VÍA ABEJORRAL-VEREDA EL ERIZO","0","0","0","1","0","1"
"23/09/2016","21:09","m","OTRO","Ciclista-Motociclista","NO REPORTADO","NO REPORTADO","NO REPORTADO","PEND. NOTIFICACIÓN","URBANA","RESIDENCIAL","TRAMO DE VÍA","NORMAL","NO REPORTA","VÍA SOPETRAN MEDELLÍN SECTOR BOSQUES DE OCCIDENTE","0","0","0","1","0","1"
"20/10/2015","08:10","m","CHOQUE","Ciclista-Motociclista","OBJETO FIJO","OTRO","NO REPORTADO","FALLADO","URBANA","RESIDENCIAL","TRAMO DE VÍA","NORMAL","AMAGA","SECTOR CORAZÓN DE JESÚS","0","0","0","1","0","1"
"20/12/2014","08:12","m","ATROPELLO","Ciclista-Motociclista","NO REPORTADO","NO REPORTADO","NO REPORTADO","PEND. NOTIFICACIÓN","RURAL","NO REPORTADO","TRAMO DE VÍA","NORMAL","NO REPORTA","VÍA A MINAS VEREDA NICANOR","0","0","0","1","0","1"
"16/01/2016","23:01","m","CHOQUE","Ciclista-Motociclista","OBJETO FIJO","OTRO","NO REPORTADO","PEND. DECLARACIÓN","RURAL","NO REPORTADO","TRAMO DE VÍA","NORMAL","FREDONIA","VÍA CAMILO C FREDONIA KM5-886","0","0","0","1","0","1"
"27/11/2014","13:11","m","CHOQUE","Ciclista-Motociclista","VEHÍCULO","NO REPORTADO","NO REPORTADO","PEND. DECLARACIÓN","RURAL","NO REPORTADO","TRAMO DE VÍA","NORMAL","GUARNE","VÍA VEREDA  MINAS LA CLARITA - AMAGA","0","0","0","1","0","1"
"22/11/2015","15:11","m","CHOQUE","Ciclista-Motociclista","VEHÍCULO","NO REPORTADO","NO REPORTADO","FALLADO","RURAL","NO REPORTADO","TRAMO DE VÍA","NORMAL","AMAGA","FREDONIA MEDELLÍN SECTOR ALTOS DE LA BONITA","0","0","0","1","0","1"
"03/08/2019","13:08","m","ATROPELLO","Ciclista-Motociclista","NO REPORTADO","NO REPORTADO","NO REPORTADO","PEND. NOTIFICACIÓN","URBANA","INDUSTRIAL","TRAMO DE VÍA","NORMAL","NO REPORTA","AUTOPISTA MEDELLÍN KM 20 600","1","0","0","0","0","1"
"15/03/2019","22:03","m","ATROPELLO","Ciclista-Motociclista","NO REPORTADO","NO REPORTADO","NO REPORTADO","PEND. NOTIFICACIÓN","RURAL","NO REPORTADO","TRAMO DE VÍA","NORMAL","NO REPORTA","CALLE 1N.146-66","0","0","0","1","0","1"
"02/07/2017","12:07","m","CHOQUE","Ciclista-Motociclista","VEHÍCULO","NO REPORTADO","NO REPORTADO","FALLADO","RURAL","NO REPORTADO","TRAMO DE VÍA","NORMAL","NO REPORTA","CORREGIMIENTO DE CÓRDOBA","0","0","0","1","0","1"
"23/02/2018","18:02","m","VOLCAMIENTO","Ciclista-Motociclista","NO REPORTADO","NO REPORTADO","NO REPORTADO","FALLADO","URBANA","RESIDENCIAL","TRAMO DE VÍA","NORMAL","STAFE DE ANTIOQUIA","VÍA SANTA FE MEDELLÍN KM 9+080","0","0","0","1","0","1"
"18/03/2018","17:03","m","CHOQUE","Ciclista-Motociclista","VEHÍCULO","NO REPORTADO","NO REPORTADO","PEND. NOTIFICACIÓN","URBANA","INDUSTRIAL","TRAMO DE VÍA","NORMAL","NO REPORTA","AUTOPISTA MEDELLÍN BOGOTÁ KM 23 600","0","0","0","1","0","1"
"21/06/2015","13:06","m","CHOQUE","Ciclista-Motociclista","VEHÍCULO","NO REPORTADO","NO REPORTADO","PEND. NOTIFICACIÓN","RURAL","NO REPORTADO","TRAMO DE VÍA","NORMAL","GRANADA","AUTOPISTA GRANADA KILOMETRO 10+400","0","0","1","1","1","1"
"25/12/2020","20:12","m","CHOQUE","Ciclista-Motociclista","VEHÍCULO","NO REPORTADO","NO REPORTADO","FALLADO","URBANA","RESIDENCIAL","TRAMO DE VÍA","NORMAL","NO REPORTA","VÍA PRINCIPAL ITUANGO -MEDELLÍN SECTOR PEÑITAS","0","1","0","2","2","1"
"03/11/2019","13:11","m","CHOQUE","Ciclista-Motociclista","VEHÍCULO","NO REPORTADO","NO REPORTADO","PEND. NOTIFICACIÓN","RURAL","NO REPORTADO","TRAMO DE VÍA","NORMAL","NO REPORTA","KM2 VÍA MEDELLÍN - SANTO DOMINGO","0","0","1","0","0","1"
"26/01/2019","00:01","h","ATROPELLO","Ciclista-Motociclista","NO REPORTADO","NO REPORTADO","NO REPORTADO","PEND. NOTIFICACIÓN","URBANA","RESIDENCIAL","TRAMO DE VÍA","NORMAL","NO REPORTA","CALLE 11 CARRERA 12","1","0","0","0","1","0"
"01/02/2019","20:02","h","CHOQUE","Ciclista-Motociclista","VEHÍCULO","NO REPORTADO","NO REPORTADO","FALLADO","RURAL","NO REPORTADO","TRAMO DE VÍA","NORMAL","NO REPORTA","KILOMETRO 78+842 SENTIDO EL BOMBILLO-ITUANGO","0","0","0","1","1","0"
"10/02/2018","18:02","h","CHOQUE","Ciclista-Motociclista","VEHÍCULO","NO REPORTADO","NO REPORTADO","PEND. NOTIFICACIÓN","RURAL","NO REPORTADO","TRAMO DE VÍA","NORMAL","NO REPORTA","SEQUIA GRANDE CORREGIMIENTO DE CÓRDOBA","0","0","1","1","2","0"
"11/10/2017","17:10","h","ATROPELLO","Ciclista-Motociclista","NO REPORTADO","NO REPORTADO","NO REPORTADO","PEND. NOTIFICACIÓN","RURAL","NO REPORTADO","TRAMO DE VÍA","NORMAL","NO REPORTA","VEREDA EL CINCO FRENTE ALA FINCA LA PLANCHA","0","0","1","0","1","0"
"24/10/2021","08:10","h","CHOQUE","Ciclista-Motociclista","VEHÍCULO","NO REPORTADO","NO REPORTADO","PEND. NOTIFICACIÓN","URBANA","RESIDENCIAL","TRAMO DE VÍA","NORMAL","ABEJORRAL","CRA 53 CALLE 53 BARRIO CALIBIO ABEJORRAL","0","0","0","2","2","0"
"28/02/2018","17:02","h","CHOQUE","Ciclista-Motociclista","VEHÍCULO","NO REPORTADO","NO REPORTADO","FALLADO","URBANA","RESIDENCIAL","TRAMO DE VÍA","NORMAL","NO REPORTA","KM 6+850","0","0","0","1","1","0"
"18/12/2021","09:12","h","VOLCAMIENTO","Ciclista-Motociclista","NO REPORTADO","NO REPORTADO","NO REPORTADO","PEND. NOTIFICACIÓN","RURAL","NO REPORTADO","TRAMO DE VÍA","LLUVIA","ABEJORRAL","ABEJORRAL LA CEJA KM 16","0","0","1","0","1","0"
"25/12/2017","09:12","h","CHOQUE","Ciclista-Motociclista","VEHÍCULO","NO REPORTADO","NO REPORTADO","FALLADO","RURAL","NO REPORTADO","TRAMO DE VÍA","NORMAL","FREDONIA","SECTOR EL CINCO","0","0","0","1","1","0"
"11/01/2021","15:01","h","CHOQUE","Ciclista-Motociclista","VEHÍCULO","NO REPORTADO","NO REPORTADO","PEND. DECLARACIÓN","URBANA","RESIDENCIAL","TRAMO DE VÍA","NORMAL","NO REPORTA","VÍA PRINCIPAL ITUANGO-MEDELLÍN, SECTOR PEÑITAS","0","1","0","1","2","0"
"25/11/2018","11:11","h","CHOQUE","Ciclista-Motociclista","VEHÍCULO","NO REPORTADO","NO REPORTADO","PEND. NOTIFICACIÓN","URBANA","RESIDENCIAL","TRAMO DE VÍA","NORMAL","LA UNIÓN","CARRERA 10 FRENTE A LA VIVIENDA 6-05","0","0","0","2","2","0"
"12/07/2018","04:07","h","ATROPELLO","Ciclista-Motociclista","NO REPORTADO","NO REPORTADO","NO REPORTADO","FALLADO","URBANA","RESIDENCIAL","TRAMO DE VÍA","NORMAL","NO REPORTA","CAMPIÑAS DE SAN FERNANDO","0","0","0","1","1","0"
"22/07/2021","08:07","h","CHOQUE","Ciclista-Motociclista","VEHÍCULO","NO REPORTADO","NO REPORTADO","PEND. NOTIFICACIÓN","RURAL","NO REPORTADO","TRAMO DE VÍA","NORMAL","NO REPORTA","VÍA SAN LUIS LA CUBA","0","0","0","1","1","0"
"23/09/2017","07:09","h","CHOQUE","Ciclista-Motociclista","VEHÍCULO","NO REPORTADO","NO REPORTADO","PEND. NOTIFICACIÓN","RURAL","NO REPORTADO","TRAMO DE VÍA","NORMAL","FREDONIA","VÍA FREDONIA - MEDELLÍN SECTOR CURVA DEL DIABLO","0","0","4","0","4","0"
"23/09/2017","12:09","h","CHOQUE","Ciclista-Motociclista","VEHÍCULO","NO REPORTADO","NO REPORTADO","FALLADO","RURAL","NO REPORTADO","TRAMO DE VÍA","NORMAL","NO REPORTA","FREDONIA CAMILO C LA LUCHA","0","0","1","0","1","0"
"03/11/2018","16:11","h","CHOQUE","Ciclista-Motociclista","VEHÍCULO","NO REPORTADO","NO REPORTADO","PEND. NOTIFICACIÓN","URBANA","COMERCIAL","TRAMO DE VÍA","NORMAL","NO REPORTA","CARRERA 10 CON CALLE 10 MESOPOTAMIA","0","0","1","0","1","0"
"21/02/2019","16:02","h","VOLCAMIENTO","Ciclista-Motociclista","NO REPORTADO","NO REPORTADO","NO REPORTADO","PEND. NOTIFICACIÓN","RURAL","NO REPORTADO","TRAMO DE VÍA","NORMAL","LA UNIÓN","VÍA LA UNIÓN SONSON KILOMETRO 64","0","0","0","1","1","0"
"17/01/2019","14:01","h","ATROPELLO","Ciclista-Motociclista","NO REPORTADO","NO REPORTADO","NO REPORTADO","PEND. NOTIFICACIÓN","URBANA","RESIDENCIAL","TRAMO DE VÍA","NORMAL","NO REPORTA","CARRERA 51 N 47 51","0","0","1","0","1","0"
"30/01/2019","15:01","h","ATROPELLO","Ciclista-Motociclista","NO REPORTADO","NO REPORTADO","NO REPORTADO","PEND. NOTIFICACIÓN","RURAL","NO REPORTADO","TRAMO DE VÍA","NORMAL","NO REPORTA","TRANSVERSAL 88 N 19 A 50","0","0","1","0","1","0"
"03/05/2019","16:05","h","CAÍDA OCUPANTE","Ciclista-Motociclista","NO REPORTADO","NO REPORTADO","NO REPORTADO","PEND. NOTIFICACIÓN","RURAL","NO REPORTADO","TRAMO DE VÍA","NORMAL","NO REPORTA","VEREDA PIEDRAS BLANCAS","0","0","0","1","1","0"
"22/07/2018","13:07","h","ATROPELLO","Ciclista-Motociclista","NO REPORTADO","NO REPORTADO","NO REPORTADO","PEND. NOTIFICACIÓN","URBANA","RESIDENCIAL","TRAMO DE VÍA","NORMAL","NO REPORTA","CR 48 N 41 B 20 CENTRO PLAZA","1","0","0","0","1","0"
"10/03/2018","11:03","h","ATROPELLO","Ciclista-Motociclista","NO REPORTADO","NO REPORTADO","NO REPORTADO","PEND. NOTIFICACIÓN","RURAL","NO REPORTADO","TRAMO DE VÍA","NORMAL","NO REPORTA","VEREDA LA HONDITA VÍA LA MAYORÍA","0","0","1","0","1","0"
"13/03/2018","21:03","h","CHOQUE","Ciclista-Motociclista","VEHÍCULO","NO REPORTADO","NO REPORTADO","PEND. NOTIFICACIÓN","URBANA","INDUSTRIAL","TRAMO DE VÍA","NORMAL","NO REPORTA","AUTOPISTA MEDELLÍN BOGOTÁ KM 20 800","0","0","1","0","1","0"
"06/01/2018","10:01","h","CHOQUE","Ciclista-Motociclista","VEHÍCULO","NO REPORTADO","NO REPORTADO","FALLADO","URBANA","RESIDENCIAL","TRAMO DE VÍA","NORMAL","NO REPORTA","VÍA PRINCIPAL CRA 14A N.3A VARIANTE","0","0","0","2","2","0"
"14/04/2019","17:04","h","CHOQUE","Ciclista-Motociclista","VEHÍCULO","NO REPORTADO","ESCOLAR","PEND. NOTIFICACIÓN","RURAL","NO REPORTADO","TRAMO DE VÍA","NORMAL","NO REPORTA","VEREDA YOLOMBAL","0","0","0","0","1","0"
"25/11/2018","09:11","h","CHOQUE","Ciclista-Motociclista","VEHÍCULO","NO REPORTADO","NO REPORTADO","PEND. NOTIFICACIÓN","RURAL","NO REPORTADO","TRAMO DE VÍA","NORMAL","NO REPORTA","SALIDA HACIA MEDELLÍN- EL FILO DE LA AURORA","0","0","1","1","2","0"
"28/04/2019","18:04","h","CHOQUE","Ciclista-Motociclista","VEHÍCULO","NO REPORTADO","NO REPORTADO","PEND. NOTIFICACIÓN","URBANA","COMERCIAL","TRAMO DE VÍA","NORMAL","LA UNIÓN","CARRERA 9 CON ALLE 12","0","0","0","1","1","0"
"17/05/2018","19:05","h","CHOQUE","Ciclista-Motociclista","VEHÍCULO","NO REPORTADO","NO REPORTADO","PEND. NOTIFICACIÓN","URBANA","RESIDENCIAL","TRAMO DE VÍA","NORMAL","NO REPORTA","VÍA MEDELLÍN - BOGOTÁ KM 20 + 693","0","0","0","1","1","0"
"22/09/2019","13:09","h","ATROPELLO","Ciclista-Motociclista","NO REPORTADO","NO REPORTADO","NO REPORTADO","PEND. NOTIFICACIÓN","URBANA","RESIDENCIAL","TRAMO DE VÍA","NORMAL","GUARNE","AUTOPISTA MEDELLÍN - BOGOTÁ KM 22 + 300","1","0","0","0","1","0"
"28/09/2019","08:09","h","CHOQUE","Ciclista-Motociclista","VEHÍCULO","NO REPORTADO","NO REPORTADO","PEND. NOTIFICACIÓN","RURAL","NO REPORTADO","TRAMO DE VÍA","NORMAL","GUARNE","VEREDA CANOAS","0","0","0","1","1","0"
"08/08/2019","08:08","h","CHOQUE","Ciclista-Motociclista","VEHÍCULO","NO REPORTADO","NO REPORTADO","PEND. DECLARACIÓN","RURAL","NO REPORTADO","TRAMO DE VÍA","NORMAL","NO REPORTA","KILOMETRO 64+450 MTS-RUTA 25AN11-1 ITUANGO-MEDELLÍN","0","0","0","2","2","0"
"06/05/2018","11:05","h","ATROPELLO","Ciclista-Motociclista","NO REPORTADO","NO REPORTADO","NO REPORTADO","PEND. NOTIFICACIÓN","URBANA","RESIDENCIAL","TRAMO DE VÍA","NORMAL","NO REPORTA","VÍA MEDELLÍN BOGOTÁ KM 22 + 310","1","0","0","0","1","0"
"01/05/2018","13:05","h","CHOQUE","Ciclista-Motociclista","VEHÍCULO","NO REPORTADO","NO REPORTADO","PEND. NOTIFICACIÓN","RURAL","NO REPORTADO","TRAMO DE VÍA","NORMAL","NO REPORTA","VÍA GUARNE - YOLOMBAL","0","0","0","1","1","0"
"16/09/2017","07:09","h","CHOQUE","Ciclista-Motociclista","VEHÍCULO","NO REPORTADO","NO REPORTADO","PEND. NOTIFICACIÓN","RURAL","NO REPORTADO","TRAMO DE VÍA","NORMAL","FREDONIA","PUENTE IGLESIAS FREDONIA KM 9+550","0","0","0","1","1","0"
"16/07/2018","06:07","h","CHOQUE","Ciclista-Motociclista","VEHÍCULO","NO REPORTADO","NO REPORTADO","PEND. NOTIFICACIÓN","URBANA","COMERCIAL","GLORIETA","NORMAL","NO REPORTA","ROMPOY PLAZA DE MERCADO","0","0","0","1","1","0"
"31/03/2018","16:03","h","CHOQUE","Ciclista-Motociclista","VEHÍCULO","NO REPORTADO","NO REPORTADO","PEND. NOTIFICACIÓN","RURAL","NO REPORTADO","TRAMO DE VÍA","NORMAL","NO REPORTA","VÍA SANTA FE DE ANTIOQUIA MEDELLÍN KM 10+340","0","0","0","1","1","0"
"23/08/2018","16:08","h","CHOQUE","Ciclista-Motociclista","VEHÍCULO","NO REPORTADO","NO REPORTADO","FALLADO","RURAL","NO REPORTADO","TRAMO DE VÍA","LLUVIA","AMAGA","ALTOS DE LA BONITA","0","0","1","1","2","0"
"01/01/2019","04:01","h","ATROPELLO","Ciclista-Motociclista","NO REPORTADO","NO REPORTADO","NO REPORTADO","PEND. NOTIFICACIÓN","URBANA","INDUSTRIAL","TRAMO DE VÍA","NORMAL","NO REPORTA","AUTOPISTA MEDELLÍN BOGOTÁ KM 21 + 150","0","0","0","1","1","0"
"17/03/2018","21:03","h","CHOQUE","Ciclista-Motociclista","VEHÍCULO","NO REPORTADO","NO REPORTADO","FALLADO","URBANA","RESIDENCIAL","TRAMO DE VÍA","NORMAL","SOPETRAN","VÍA PRINCIPAL LLANO DE MONTAÑA","0","0","0","1","1","0"
"09/02/2018","21:02","h","CHOQUE","Ciclista-Motociclista","VEHÍCULO","NO REPORTADO","NO REPORTADO","FALLADO","URBANA","RESIDENCIAL","TRAMO DE VÍA","NORMAL","NO REPORTA","SECTOR EL INDALO RUTA 6003","0","0","0","1","1","0"
"28/10/2018","16:10","h","CHOQUE","Ciclista-Motociclista","VEHÍCULO","NO REPORTADO","NO REPORTADO","FALLADO","RURAL","NO REPORTADO","INTERSECCIÓN","NORMAL","AMAGA","VÍA LA MANZA PRIMAVERA KILOMETRO 80+630","0","0","1","1","2","0"
"29/05/2017","19:05","h","CHOQUE","Ciclista-Motociclista","SEMOVIENTE","NO REPORTADO","NO REPORTADO","PEND. NOTIFICACIÓN","RURAL","NO REPORTADO","TRAMO DE VÍA","NORMAL","VALPARAÍSO","VÍA VALPARAÍSO LA PINTADA","0","0","0","1","1","0"
"27/10/2018","08:10","h","CHOQUE","Ciclista-Motociclista","VEHÍCULO","NO REPORTADO","NO REPORTADO","PEND. NOTIFICACIÓN","URBANA","RESIDENCIAL","TRAMO DE VÍA","NORMAL","NO REPORTA","KILOMETRO 20 + 770 AUTOPISTA MEDELLÍN - BOGOTÁ","0","0","0","1","1","0"
"04/08/2019","20:08","h","ATROPELLO","Ciclista-Motociclista","NO REPORTADO","NO REPORTADO","NO REPORTADO","PEND. NOTIFICACIÓN","RURAL","NO REPORTADO","TRAMO DE VÍA","NORMAL","NO REPORTA","VEREDA TOLDAS SECTOR LAS MARRANERAS","0","0","1","0","1","0"
"21/10/2018","16:10","h","CAÍDA OCUPANTE","Ciclista-Motociclista","NO REPORTADO","NO REPORTADO","NO REPORTADO","PEND. NOTIFICACIÓN","RURAL","NO REPORTADO","TRAMO DE VÍA","LLUVIA","NO REPORTA","KILOMETRO 18+300 VÍA BURITICA- TABACAL","0","0","0","1","1","0"
"01/10/2018","06:10","h","CHOQUE","Ciclista-Motociclista","VEHÍCULO","NO REPORTADO","NO REPORTADO","FALLADO","URBANA","RESIDENCIAL","INTERSECCIÓN","NORMAL","AMAGA","VÍA LA MANZA PRIMAVERA KM 81+600","0","0","1","0","1","0"
"24/04/2018","21:04","h","CHOQUE","Ciclista-Motociclista","VEHÍCULO","NO REPORTADO","NO REPORTADO","FALLADO","URBANA","RESIDENCIAL","TRAMO DE VÍA","NORMAL","AMAGA","LA MANSA PRIMAVERA KM 81+800","0","0","0","1","1","0"
"31/05/2021","14:05","h","CHOQUE","Ciclista-Motociclista","VEHÍCULO","NO REPORTADO","NO REPORTADO","PEND. DECLARACIÓN","RURAL","NO REPORTADO","TRAMO DE VÍA","NORMAL","NO REPORTA","KM 82+973 SENTIDO LLANOS DE CUIVA-ITUANGO","0","0","0","1","1","0"
"06/05/2021","16:05","h","CHOQUE","Ciclista-Motociclista","VEHÍCULO","NO REPORTADO","NO REPORTADO","PEND. NOTIFICACIÓN","URBANA","RESIDENCIAL","TRAMO DE VÍA","NORMAL","NO REPORTA","CR 48 FRENTE AL NUMERO 45 A 10","0","0","0","2","2","0"