"FECHA ACCIDENTE","HORA ACCIDENTE","GRAVEDAD","CLASE ACCIDENTE","CAUSANTE ACCIDENTE","DESCRIPCIÓN COLISIONANTE","DESCRIPCIÓN OBJETO FIJO","ZONA ACCIDENTE","DESCRIPCIÓN DE ESTADO","ÁREA ACCIDENTE","SECTOR ACCIDENTE","DESCRIPCIÓN LOCALIZACIÓN","ESTADO CLIMA","MUNICIPIO","DIRECCIÓN LUGAR","NUMERO VICTIMA PEATÓN","NUMERO VICTIMA ACOMPAÑANTE","NUMERO VICTIMA PASAJERO","NUMERO VICTIMA CONDUCTOR","NUMERO VICTIMA HERIDO","NUMERO VICTIMA MUERTO"
"20/07/2015","12:07","h","CHOQUE","Ciclista-Motociclista","OBJETO FIJO","BARANDA","NO REPORTADO","FALLADO","RURAL","NO REPORTADO","PUENTE","NORMAL","AMAGA","KM 79+150 TRONCAL DEL CAFÉ","0","0","0","1","1","0"
"12/07/2015","16:07","h","CHOQUE","Ciclista-Motociclista","OBJETO FIJO","OTRO","NO REPORTADO","FALLADO","RURAL","NO REPORTADO","TRAMO DE VÍA","LLUVIA","AMAGA","VÍA HACIA FREDONIA","0","0","1","1","2","0"
"13/07/2015","17:07","h","CHOQUE","Ciclista-Motociclista","VEHÍCULO","NO REPORTADO","NO REPORTADO","FALLADO","URBANA","RESIDENCIAL","TRAMO DE VÍA","NORMAL","AMAGA","CALLE 48 50 34","0","0","0","2","2","0"
"28/07/2015","12:07","h","CHOQUE","Ciclista-Motociclista","VEHÍCULO","NO REPORTADO","NO REPORTADO","PEND. DECLARACIÓN","RURAL","NO REPORTADO","TRAMO DE VÍA","NORMAL","AMAGA","KM 80 +603","0","0","0","1","1","0"
"08/08/2015","18:08","h","CAÍDA OCUPANTE","Ciclista-Motociclista","NO REPORTADO","NO REPORTADO","NO REPORTADO","PEND. NOTIFICACIÓN","RURAL","NO REPORTADO","TRAMO DE VÍA","LLUVIA","NO REPORTA","CORREGIMIENTO DE ALBANIA KM 75+100","0","0","1","0","1","0"
"20/09/2015","13:09","h","CHOQUE","Ciclista-Motociclista","VEHÍCULO","NO REPORTADO","NO REPORTADO","FALLADO","RURAL","NO REPORTADO","TRAMO DE VÍA","NORMAL","AMAGA","AMAGA MEDELLÍN KM 81+700","0","0","0","2","2","0"
"04/08/2015","14:08","h","ATROPELLO","Ciclista-Motociclista","NO REPORTADO","NO REPORTADO","NO REPORTADO","FALLADO","URBANA","RESIDENCIAL","TRAMO DE VÍA","NORMAL","FREDONIA","VÍA FREDONIA AMAGA","1","0","0","0","1","0"
"06/09/2015","15:09","h","CHOQUE","Ciclista-Motociclista","VEHÍCULO","NO REPORTADO","NO REPORTADO","PEND. NOTIFICACIÓN","RURAL","NO REPORTADO","TRAMO DE VÍA","NORMAL","TITIRIBÍ","PARAJE EL EMBARCADERO KM2 +100 MUNICIPIO DE TITIRIBÍ","0","0","0","1","1","0"
"27/10/2015","15:10","h","CHOQUE","Ciclista-Motociclista","VEHÍCULO","NO REPORTADO","NO REPORTADO","FALLADO","URBANA","RESIDENCIAL","TRAMO DE VÍA","NORMAL","FREDONIA","ESTACIÓN DE SERVICIO TERPEL","0","0","0","1","1","0"
"17/12/2015","06:12","h","CHOQUE","Ciclista-Motociclista","OBJETO FIJO","MURO","NO REPORTADO","FALLADO","RURAL","NO REPORTADO","TRAMO DE VÍA","NORMAL","FREDONIA","LA OCHENTA","0","0","0","1","1","0"
"06/01/2016","09:01","h","CHOQUE","Ciclista-Motociclista","VEHÍCULO","NO REPORTADO","NO REPORTADO","FALLADO","RURAL","NO REPORTADO","TRAMO DE VÍA","NORMAL","FREDONIA","LA LUCHA KMT 12","0","0","0","1","1","0"
"25/08/2015","14:08","h","CHOQUE","Ciclista-Motociclista","VEHÍCULO","NO REPORTADO","NO REPORTADO","PEND. NOTIFICACIÓN","URBANA","RESIDENCIAL","TRAMO DE VÍA","NORMAL","NO REPORTA","GRANJA ESTEBAN JARAMILLO","0","0","0","1","1","0"
"15/08/2015","15:08","h","ATROPELLO","Ciclista-Motociclista","NO REPORTADO","NO REPORTADO","NO REPORTADO","PEND. NOTIFICACIÓN","RURAL","NO REPORTADO","TRAMO DE VÍA","NORMAL","NO REPORTA","VÍA DPTAL, SECTOR LOS GRILLOS","0","0","0","0","1","0"
"19/07/2015","11:07","h","CHOQUE","Ciclista-Motociclista","VEHÍCULO","NO REPORTADO","NO REPORTADO","PEND. NOTIFICACIÓN","RURAL","NO REPORTADO","TRAMO DE VÍA","NORMAL","BETANIA","VÍA DPTAL ENTRADA A LA VEREDA EL LLANETE","0","0","0","1","1","0"
"19/06/2015","06:06","h","CHOQUE","Ciclista-Motociclista","VEHÍCULO","NO REPORTADO","NO REPORTADO","PEND. NOTIFICACIÓN","RURAL","NO REPORTADO","TRAMO DE VÍA","NORMAL","COCORNA","COCORNA-EL RAMAL KM 5","0","0","0","1","1","0"
"20/06/2015","10:06","h","CHOQUE","Ciclista-Motociclista","VEHÍCULO","NO REPORTADO","NO REPORTADO","PEND. NOTIFICACIÓN","RURAL","NO REPORTADO","TRAMO DE VÍA","NORMAL","COCORNA","COCORNA, EL RAMAL KM 0+250","0","0","1","2","3","0"
"23/02/2016","02:02","h","CHOQUE","Ciclista-Motociclista","VEHÍCULO","NO REPORTADO","NO REPORTADO","PEND. NOTIFICACIÓN","RURAL","NO REPORTADO","TRAMO DE VÍA","NORMAL","NO REPORTA","KILOMETRO 9 + 837 VENECIA BOLOMBOLO","0","0","1","1","2","0"
"19/09/2015","06:09","h","CHOQUE","Ciclista-Motociclista","VEHÍCULO","NO REPORTADO","NO REPORTADO","PEND. NOTIFICACIÓN","URBANA","RESIDENCIAL","INTERSECCIÓN","NORMAL","NO REPORTA","CARRERA 50 CON CALLE 51, ESQUINA","0","0","0","2","2","0"
"31/12/2015","18:12","h","CHOQUE","Ciclista-Motociclista","VEHÍCULO","NO REPORTADO","NO REPORTADO","FALLADO","URBANA","RESIDENCIAL","TRAMO DE VÍA","NORMAL","AMAGA","SECTOR EL CHORRO","0","0","0","1","1","0"
"27/12/2014","14:12","h","CAÍDA OCUPANTE","Ciclista-Motociclista","NO REPORTADO","NO REPORTADO","NO REPORTADO","PEND. NOTIFICACIÓN","URBANA","COMERCIAL","TRAMO DE VÍA","NORMAL","GUARNE","CALLE 6","0","0","0","1","1","0"
"30/06/2015","14:06","h","ATROPELLO","Ciclista-Motociclista","NO REPORTADO","NO REPORTADO","NO REPORTADO","PEND. DECLARACIÓN","RURAL","NO REPORTADO","TRAMO DE VÍA","NORMAL","ANZA","VÍA BOLOMBOLO -SANTA FE KM39+600","1","0","0","0","1","0"
"02/05/2015","14:05","h","CHOQUE","Ciclista-Motociclista","VEHÍCULO","NO REPORTADO","NO REPORTADO","PEND. NOTIFICACIÓN","RURAL","NO REPORTADO","TRAMO DE VÍA","NORMAL","VENECIA","VÍA VENECIA BOLOMBOLO","0","0","0","1","1","0"
"25/12/2014","17:12","h","CHOQUE","Ciclista-Motociclista","VEHÍCULO","NO REPORTADO","NO REPORTADO","FALLADO","URBANA","RESIDENCIAL","TRAMO DE VÍA","NORMAL","GUARNE","AVENIDA SANTANDER NRO.59-43","0","0","1","2","3","0"
"27/12/2014","20:12","h","CHOQUE","Ciclista-Motociclista","VEHÍCULO","NO REPORTADO","NO REPORTADO","PEND. DECLARACIÓN","URBANA","RESIDENCIAL","INTERSECCIÓN","NORMAL","GUARNE","CARRERA 52 CON CALLE 48","0","0","0","1","1","0"
"07/08/2015","11:08","h","ATROPELLO","Ciclista-Motociclista","NO REPORTADO","NO REPORTADO","NO REPORTADO","PEND. NOTIFICACIÓN","URBANA","COMERCIAL","TRAMO DE VÍA","NORMAL","NO REPORTA","CALLE 10 CON CARRERA 10","1","0","0","0","1","0"
"04/09/2015","16:09","h","CHOQUE","Ciclista-Motociclista","VEHÍCULO","NO REPORTADO","NO REPORTADO","PEND. NOTIFICACIÓN","RURAL","NO REPORTADO","TRAMO DE VÍA","NORMAL","JARDÍN","VÍA REMOLINOS JARDÍN K 134+600","0","0","1","1","2","0"
"14/11/2015","11:11","h","CHOQUE","Ciclista-Motociclista","VEHÍCULO","NO REPORTADO","NO REPORTADO","PEND. DECLARACIÓN","RURAL","NO REPORTADO","TRAMO DE VÍA","NORMAL","AMAGA","FREDONIA CAMILO C AMAGA","0","0","0","1","1","0"
"25/12/2015","21:12","h","CHOQUE","Ciclista-Motociclista","VEHÍCULO","NO REPORTADO","NO REPORTADO","FALLADO","URBANA","RESIDENCIAL","TRAMO DE VÍA","NORMAL","AMAGA","VÍA CEMENTERIO AMAGA","1","0","0","1","2","0"
"19/02/2015","19:02","h","ATROPELLO","Ciclista-Motociclista","NO REPORTADO","NO REPORTADO","NO REPORTADO","FALLADO","URBANA","COMERCIAL","TRAMO DE VÍA","NORMAL","NO REPORTA","CALLE 20 19-11","1","0","0","0","1","0"
"03/05/2015","14:05","h","ATROPELLO","Ciclista-Motociclista","NO REPORTADO","NO REPORTADO","NO REPORTADO","PEND. NOTIFICACIÓN","URBANA","RESIDENCIAL","TRAMO DE VÍA","NORMAL","COCORNA","BARRIO OSMAN CASTAÑO","1","0","0","0","1","0"
"10/06/2015","09:06","h","CHOQUE","Ciclista-Motociclista","VEHÍCULO","NO REPORTADO","NO REPORTADO","FALLADO","URBANA","INDUSTRIAL","TRAMO DE VÍA","LLUVIA","FREDONIA","CURVA DEL DIABLO","0","0","1","0","1","0"
"04/06/2015","06:06","h","OTRO","Ciclista-Motociclista","NO REPORTADO","NO REPORTADO","NO REPORTADO","PEND. DECLARACIÓN","RURAL","NO REPORTADO","VÍA TRONCAL","NORMAL","FREDONIA","EL CALVARIO VÍA PUENTE IGLESIAS","1","0","0","0","1","0"
"08/01/2015","09:01","h","ATROPELLO","Ciclista-Motociclista","NO REPORTADO","NO REPORTADO","NO REPORTADO","FALLADO","URBANA","RESIDENCIAL","TRAMO DE VÍA","NORMAL","GUARNE","CRA 50 NRO. 57-06","1","0","0","1","2","0"
"02/07/2022","03:07","d","CHOQUE","Ciclista-Motociclista","VEHÍCULO","NO REPORTADO","NO REPORTADO","Pend. Notificación","Urbana","Comercial","Tramo de via","Normal","LIBORINA","TRAMO MIRAFLORES","0","0","0","0","0","0"
"08/09/2022","11:09","h","CHOQUE","Ciclista-Motociclista","VEHÍCULO","NO REPORTADO","NO REPORTADO","Pend. Declaración","Urbana","Comercial","Tramo de via","Normal","ANTIOQUIA","VIA VALLE DE TOLEDO CAMPAMENTO CUNI KM25+2400","0","0","0","1","1","0"
"29/07/2022","10:07","h","CHOQUE","Ciclista-Motociclista","VEHÍCULO","NO REPORTADO","NO REPORTADO","Pend. Declaración","Urbana","Residencial","Tramo de via","Normal","ANTIOQUIA","VIA TOLEDO A MEDELLIN SALIENDO DEL MUNICIPIO","0","0","0","1","1","0"
"15/05/2022","01:05","h","CHOQUE","Ciclista-Motociclista","Semoviente","NO REPORTADO","NO REPORTADO","Pend. Notificación","Urbana","Comercial","Tramo de via","Normal","ANTIOQUIA","VIA VALLE DE TOLEDOA A ITUANGO","0","0","0","1","1","0"
"11/05/2022","08:05","h","CHOQUE","Ciclista-Motociclista","VEHÍCULO","NO REPORTADO","NO REPORTADO","Pend. Declaración","Urbana","Comercial","Tramo de via","Normal","ANTIOQUIA","VIA TOLEDO AL CORREGIMIENTO VALLE DE TOLEDO SECTOR EL CAJON","0","0","0","1","1","0"
"06/03/2022","22:03","h","VOLCAMIENTO","Ciclista-Motociclista","NO REPORTADO","NO REPORTADO","NO REPORTADO","Pend. Notificación","Urbana","Residencial","Tramo de via","Normal","ANTIOQUIA","CARRERA 10 FRENTE AL COLEGIO MUNICIPAL","0","0","0","1","1","0"
"14/12/2022","12:12","h","ATROPELLO","Ciclista-Motociclista","NO REPORTADO","NO REPORTADO","NO REPORTADO","Pend. Notificación","Urbana","Residencial","Tramo de via","Normal","ANTIOQUIA","CARRERA BOLIVAR #53-28","1","0","0","0","1","0"
"25/11/2022","15:11","h","VOLCAMIENTO","Ciclista-Motociclista","NO REPORTADO","NO REPORTADO","NO REPORTADO","Pend. Notificación","Urbana","Residencial","Interseccion","Normal","ANTIOQUIA","CASA BLANCA","0","0","1","1","2","0"
"06/10/2022","17:10","h","CHOQUE","Ciclista-Motociclista","VEHÍCULO","NO REPORTADO","NO REPORTADO","Pend. Notificación","Urbana","Industrial","Tramo de via","Normal","ANTIOQUIA","CARRERA 63 N°31 SUR- 169. SAN ANTONIO DE PRADO","0","0","0","1","1","0"
"20/03/2022","12:03","h","CHOQUE","Ciclista-Motociclista","VEHÍCULO","NO REPORTADO","NO REPORTADO","Pend. Notificación","Urbana","Residencial","Tramo de via","Normal","ANTIOQUIA","KM 0 - 200 M ANGOSTURA - YARUMAL","0","0","0","2","2","0"
"13/11/2022","01:11","h","CHOQUE","Ciclista-Motociclista","VEHÍCULO","NO REPORTADO","NO REPORTADO","Pend. Notificación","Urbana","Residencial","Tramo de via","Lluvia","ANTIOQUIA","CL SANTA BARBARA","0","0","0","1","1","0"
"26/11/2022","12:11","h","CHOQUE","Ciclista-Motociclista","VEHÍCULO","NO REPORTADO","NO REPORTADO","Pend. Notificación","Urbana","Residencial","Interseccion","Lluvia","ANTIOQUIA","CRRA 23 CALLE 21 PALANQUERO","0","0","0","1","1","0"
"24/09/2022","06:09","h","CHOQUE","Ciclista-Motociclista","VEHÍCULO","NO REPORTADO","Escolar","Pend. Notificación","Urbana","Residencial","Tramo de via","Normal","ANTIOQUIA","SECTOR VILLA ESPERANZA","0","0","0","2","2","0"
"30/08/2022","05:08","d","CHOQUE","Ciclista-Motociclista","VEHÍCULO","NO REPORTADO","NO REPORTADO","Pend. Notificación","Rural","No Reportado","Tramo de via","Normal","ANTIOQUIA","SECTOR LA PAJITA","0","0","0","0","0","0"
"18/09/2022","03:09","h","CHOQUE","Ciclista-Motociclista","VEHÍCULO","NO REPORTADO","Escolar","Pend. Notificación","Rural","No Reportado","Tramo de via","Lluvia","ANTIOQUIA","SECTOR LOS HELECHALES","0","0","0","1","1","0"
"16/07/2022","11:07","m","VOLCAMIENTO","Ciclista-Motociclista","NO REPORTADO","NO REPORTADO","NO REPORTADO","Pend. Notificación","Rural","No Reportado","Tramo de via","Normal","ANTIOQUIA","VIA SANTA FE BOLOMBOLO SECTOR NIVERENGO","0","0","0","1","0","1"
"21/03/2022","14:03","d","CHOQUE","Ciclista-Motociclista","VEHÍCULO","NO REPORTADO","NO REPORTADO","Pend. Notificación","Rural","No Reportado","Tramo de via","Normal","ANTIOQUIA","TRONCAL NORDESTE RUTA 6221 VIA YOLOMBO MEDELLIN","0","0","0","0","0","0"
"15/08/2022","13:08","h","CHOQUE","Ciclista-Motociclista","VEHÍCULO","NO REPORTADO","NO REPORTADO","Pend. Notificación","Rural","No Reportado","Tramo de via","Normal","ANTIOQUIA","SECTOR MULATOS","0","0","1","0","1","0"
"24/01/2022","07:01","h","CHOQUE","Ciclista-Motociclista","VEHÍCULO","NO REPORTADO","NO REPORTADO","Pend. Declaración","Rural","No Reportado","Tramo de via","Normal","ANTIOQUIA","VIA TOLEDO - VALLE TOLEDO","0","0","2","0","2","0"
"14/01/2022","10:01","h","CHOQUE","Ciclista-Motociclista","VEHÍCULO","NO REPORTADO","NO REPORTADO","Pend. Notificación","Rural","No Reportado","Tramo de via","Normal","ANTIOQUIA","KILOMETRO-5-VEREDA-2#3 VDA EL POTRERO","0","0","1","2","3","0"
"09/04/2022","16:04","d","VOLCAMIENTO","Ciclista-Motociclista","NO REPORTADO","NO REPORTADO","NO REPORTADO","Pend. Notificación","Rural","No Reportado","Tramo de via","Normal","ANTIOQUIA","VEREDA LA PISTA","0","0","0","0","0","0"
"17/09/2022","13:09","d","CHOQUE","Ciclista-Motociclista","VEHÍCULO","NO REPORTADO","NO REPORTADO","Pend. Notificación","Rural","No Reportado","Tramo de via","Normal","ANTIOQUIA","SECTOR EL CEDRO VIA YOLOMBO - YALI","0","0","0","0","0","0"
"25/05/2022","08:05","d","CHOQUE","Ciclista-Motociclista","VEHÍCULO","NO REPORTADO","NO REPORTADO","Pend. Notificación","Rural","No Reportado","Tramo de via","Normal","ANTIOQUIA","VIA TOLEDO A VALLE DE TOLEDO 2856+3HM","0","0","0","0","0","0"
"17/04/2022","14:04","d","CHOQUE","Ciclista-Motociclista","VEHÍCULO","NO REPORTADO","NO REPORTADO","Pend. Notificación","Rural","No Reportado","Tramo de via","Normal","ANTIOQUIA","VIA TOLEDO A VALLE DE TOLEDO 28MF+PGW","0","0","0","0","0","0"
"18/05/2022","06:05","h","CHOQUE","Ciclista-Motociclista","VEHÍCULO","NO REPORTADO","NO REPORTADO","Pend. Declaración","Rural","No Reportado","Tramo de via","Lluvia","ANTIOQUIA","VIA TOLEDO A CORREGIMIENTO VALLE DE TOLEDO 2836+365","0","0","0","1","1","0"
"10/03/2022","08:03","h","CHOQUE","Ciclista-Motociclista","VEHÍCULO","NO REPORTADO","NO REPORTADO","Pend. Declaración","Rural","No Reportado","Tramo de via","Normal","ANTIOQUIA","300 METROS DEL KM 2+360","0","0","1","0","1","0"
"27/02/2022","02:02","h","CHOQUE","Ciclista-Motociclista","VEHÍCULO","NO REPORTADO","NO REPORTADO","Pend. Notificación","Rural","No Reportado","Tramo de via","Normal","ANTIOQUIA","VIA TOLEDO A VALLE DE TOLEDO 2847+V29","0","0","0","1","1","0"
"16/11/2022","11:11","m","CHOQUE","Ciclista-Motociclista","VEHÍCULO","NO REPORTADO","NO REPORTADO","Pend. Notificación","Rural","No Reportado","Tramo de via","Normal","ANTIOQUIA","VEREDA LA PLAYA, SECTOR CONOCIDO COMO MOÑOS, SOBRE TRONCAL DEL NORDESTE","0","0","0","1","0","1"
"11/09/2022","17:09","h","CHOQUE","Ciclista-Motociclista","VEHÍCULO","NO REPORTADO","NO REPORTADO","Pend. Notificación","Rural","No Reportado","Tramo de via","Normal","ANTIOQUIA","VEREDA LA MASCOTA, TRONCAL DEL NORDESTE, SECTOR LA PROVEEDORA","0","0","1","2","3","0"
"26/08/2022","09:08","h","CHOQUE","Ciclista-Motociclista","VEHÍCULO","NO REPORTADO","NO REPORTADO","Pend. Declaración","Rural","No Reportado","Tramo de via","Normal","ANTIOQUIA","VEREDA LA MASCOTA, SECTOR MULATOS","0","0","0","1","1","0"
"15/08/2022","06:08","h","CHOQUE","Ciclista-Motociclista","VEHÍCULO","NO REPORTADO","NO REPORTADO","Pend. Notificación","Rural","No Reportado","Tramo de via","Normal","ANTIOQUIA","SECTOR HACIENDA LA VITRINA, VEREDA LA PLAYA","0","0","0","1","1","0"
"28/01/2022","13:01","h","CHOQUE","Ciclista-Motociclista","VEHÍCULO","NO REPORTADO","NO REPORTADO","Pend. Notificación","Rural","No Reportado","Tramo de via","Normal","ANTIOQUIA","VIA HATILLO- LLANOS DE CUIVA KM 60-800","0","0","0","1","1","0"
"07/01/2022","07:01","h","CHOQUE","Ciclista-Motociclista","VEHÍCULO","NO REPORTADO","NO REPORTADO","Pend. Notificación","Rural","No Reportado","Tramo de via","Lluvia","ANTIOQUIA","VIA CAMILO C FREDONIA KM 5","0","0","0","1","1","0"
"26/12/2022","08:12","h","CAÍDA OCUPANTE","Ciclista-Motociclista","NO REPORTADO","NO REPORTADO","NO REPORTADO","Pend. Notificación","Rural","No Reportado","Tramo de via","Normal","ANTIOQUIA","VIA NARIÑO - SONSON","0","0","1","0","1","0"
"23/12/2022","20:12","h","CHOQUE","Ciclista-Motociclista","VEHÍCULO","NO REPORTADO","NO REPORTADO","Pend. Notificación","Rural","No Reportado","Tramo de via","Normal","ANTIOQUIA","TRONCAL NORDESTE SECTOR LA MARQUESA","0","0","0","1","1","0"
"23/12/2022","15:12","h","CHOQUE","Ciclista-Motociclista","VEHÍCULO","NO REPORTADO","NO REPORTADO","Pend. Notificación","Rural","No Reportado","Tramo de via","Normal","ANTIOQUIA","VEREDA SOFIA","0","0","0","1","1","0"
"21/11/2022","17:11","h","CHOQUE","Ciclista-Motociclista","VEHÍCULO","NO REPORTADO","NO REPORTADO","Pend. Notificación","Rural","No Reportado","Tramo de via","Normal","ANTIOQUIA","SECTOR LA CORTADA RESTAURANTE EL VIAJERO","0","0","0","1","1","0"
"07/11/2022","15:11","h","CHOQUE","Ciclista-Motociclista","VEHÍCULO","NO REPORTADO","NO REPORTADO","Pend. Notificación","Rural","No Reportado","Tramo de via","Normal","ANTIOQUIA","TRONCAL NORDESTE PUENTE  PAVAS","0","0","0","1","1","0"
"12/08/2022","14:08","m","CHOQUE","Ciclista-Motociclista","VEHÍCULO","NO REPORTADO","NO REPORTADO","Pend. Notificación","Rural","No Reportado","Tramo de via","Normal","ANTIOQUIA","TRONCAL NORDETE RUTA 6221 SECTOR SABANITAS K10 Y 11 VIA MEDELLIN","0","0","1","1","1","1"
"10/08/2022","15:08","m","CHOQUE","Ciclista-Motociclista","VEHÍCULO","NO REPORTADO","NO REPORTADO","Pend. Notificación","Rural","No Reportado","Tramo de via","Normal","ANTIOQUIA","SECTOR PUENTE ROJO K3 Y 4 RUTA 6221","0","0","0","1","0","1"
"27/12/2022","13:12","m","VOLCAMIENTO","Ciclista-Motociclista","NO REPORTADO","NO REPORTADO","NO REPORTADO","Pend. Notificación","Rural","No Reportado","Tramo de via","Normal","ANTIOQUIA","SECTOR TATALOCO, BETANIA","0","0","0","1","0","1"
"22/08/2022","07:08","h","CHOQUE","Ciclista-Motociclista","VEHÍCULO","NO REPORTADO","NO REPORTADO","Pend. Notificación","Rural","No Reportado","Tramo de via","Lluvia","ANTIOQUIA","CRG VILLA NUEVA RT 6221-2 SECTOR BOMBA, VIA AMALFI","0","0","0","1","1","0"
"13/11/2022","00:11","d","CHOQUE","Ciclista-Motociclista","VEHÍCULO","NO REPORTADO","NO REPORTADO","Pend. Notificación","Rural","No Reportado","Tramo de via","Normal","ANTIOQUIA","VEREDA LA BODEGA","0","0","0","0","0","0"
"24/12/2022","06:12","h","CHOQUE","Ciclista-Motociclista","Semoviente","NO REPORTADO","NO REPORTADO","Pend. Notificación","Rural","No Reportado","Tramo de via","Normal","ANTIOQUIA","VEREDA SAN PEDRO","0","0","0","1","1","0"
"28/09/2022","23:09","m","VOLCAMIENTO","Ciclista-Motociclista","NO REPORTADO","NO REPORTADO","NO REPORTADO","Pend. Notificación","Rural","No Reportado","Tramo de via","Normal","ANTIOQUIA","SECTOR PALESTINA","0","0","0","1","0","1"
"17/07/2022","04:07","h","CHOQUE","Ciclista-Motociclista","VEHÍCULO","NO REPORTADO","NO REPORTADO","Pend. Notificación","Rural","No Reportado","Tramo de via","Lluvia","ANTIOQUIA","LLANOS -TARZAN KM 76+550","0","0","1","0","1","0"
"02/06/2022","12:06","h","CHOQUE","Ciclista-Motociclista","VEHÍCULO","NO REPORTADO","NO REPORTADO","Pend. Notificación","Rural","No Reportado","Tramo de via","Normal","ANTIOQUIA","VIA SABANALARGA- CORREGIMIEMNTO EL ORO KILOMETRO 7+400 METROS VEREDA EL CLAVEL","0","0","0","2","2","0"
"20/03/2022","13:03","h","ATROPELLO","Ciclista-Motociclista","NO REPORTADO","NO REPORTADO","NO REPORTADO","Pend. Notificación","Rural","No Reportado","Tramo de via","Normal","ANTIOQUIA","VEREDA EL CAIRO","0","0","1","0","1","0"
"21/01/2022","16:01","h","CHOQUE","Ciclista-Motociclista","VEHÍCULO","NO REPORTADO","NO REPORTADO","Pend. Notificación","Rural","No Reportado","Tramo de via","Normal","ABEJORRAL","VIA ABEJORRAL - MESOPOTAMIA","0","0","1","1","2","0"
"28/05/2022","18:05","d","CHOQUE","Ciclista-Motociclista","VEHÍCULO","NO REPORTADO","NO REPORTADO","Pend. Notificación","Rural","No Reportado","Tramo de via","Normal","ABEJORRAL","VIA ABEJORRAL - LA CEJA KM 15+200","0","0","0","0","0","0"